Accuracy,Loss,Classification_Loss,Robustness_Loss,Concept_Loss,Step
0.7834999799728394,1.231083075205485,0.6175714572270711,0.0,0.6135116179784139,270
0.8271666487058004,0.9733183105786641,0.5048508693774542,0.0,0.4684674471616745,540
0.8406666497389476,0.8876665333906809,0.4657337337732315,0.0,0.4219328006108602,810
0.849999976158142,0.8331073423226675,0.43584438463052116,0.0,0.3972629646460215,1080
0.8573333183924358,0.7951855222384135,0.4157700846592585,0.0,0.3794154365857442,1350
